started_date,description,interruption notes,item id,log note,manually added/edited,permalink,project,subtask,task,time spent,time spent decimal
2019-05-17 17:51:26,,,3204075617,,,https://todoist.com/showTask?id=3204075617,Work,,personal-website,00:25:00,0.42
2019-05-17 18:36:28,,,3204075617,,,https://todoist.com/showTask?id=3204075617,Work,,personal-website,00:25:00,0.42
2019-05-17 19:07:14,,,3204075617,,,https://todoist.com/showTask?id=3204075617,Work,,personal-website,00:25:00,0.42
2019-05-17 19:50:03,,,3204075617,,,https://todoist.com/showTask?id=3204075617,Work,,personal-website,00:25:00,0.42
2019-05-18 11:39:02,,,3204075617,,,https://todoist.com/showTask?id=3204075617,Work,,personal-website,00:25:00,0.42
2019-05-18 12:13:11,,,3204075617,,,https://todoist.com/showTask?id=3204075617,Work,,personal-website,00:25:00,0.42
2019-05-18 12:43:15,,,3204075617,,,https://todoist.com/showTask?id=3204075617,Work,,personal-website,00:25:00,0.42
2019-05-18 14:07:42,,,3204075617,,,https://todoist.com/showTask?id=3204075617,Work,,personal-website,00:25:00,0.42
2019-05-18 16:18:33,,,3204075617,,,https://todoist.com/showTask?id=3204075617,Work,,personal-website,00:25:00,0.42
2019-05-18 16:49:19,,,3204075617,,,https://todoist.com/showTask?id=3204075617,Work,,personal-website,00:25:00,0.42
2019-05-18 17:56:10,,,3204075617,,,https://todoist.com/showTask?id=3204075617,Work,,personal-website,00:25:00,0.42
2019-05-18 18:23:04,,,3204075617,,,https://todoist.com/showTask?id=3204075617,Work,,personal-website,00:25:00,0.42
2019-05-18 17:19:22,,,3204075617,,,https://todoist.com/showTask?id=3204075617,Work,,personal-website,00:25:00,0.42
2019-05-18 19:26:13,,,3204075617,,,https://todoist.com/showTask?id=3204075617,Work,,personal-website,00:25:00,0.42
2019-05-18 20:33:19,,,3204075617,,,https://todoist.com/showTask?id=3204075617,Work,,personal-website,00:25:00,0.42
2019-05-18 23:46:57,,,3204075617,,,https://todoist.com/showTask?id=3204075617,Work,,personal-website,00:25:00,0.42
2019-05-19 00:43:11,,,3204075617,,,https://todoist.com/showTask?id=3204075617,Work,,personal-website,00:25:00,0.42
2019-05-19 01:11:51,,,3204075617,,,https://todoist.com/showTask?id=3204075617,Work,,personal-website,00:25:00,0.42
2019-05-19 12:37:17,,,3205772904,,,https://todoist.com/showTask?id=3205772904,Personal,,cook,00:25:00,0.42
2019-05-19 01:58:05,,,3204075617,,,https://todoist.com/showTask?id=3204075617,Work,,personal-website,00:25:00,0.42
2019-05-19 15:21:53,,,3204075617,,,https://todoist.com/showTask?id=3204075617,Work,,personal-website,00:25:00,0.42
2019-05-19 15:54:27,,,3204075617,,,https://todoist.com/showTask?id=3204075617,Work,,personal-website,00:25:00,0.42
2019-05-19 16:24:37,,,3204075617,,,https://todoist.com/showTask?id=3204075617,Work,,personal-website,00:25:00,0.42
2019-05-19 17:00:11,,,3204075617,,,https://todoist.com/showTask?id=3204075617,Work,,personal-website,00:25:00,0.42
2019-05-19 17:35:34,,,3204075617,,,https://todoist.com/showTask?id=3204075617,Work,,personal-website,00:25:00,0.42
2019-05-19 18:31:35,,,3204075617,,,https://todoist.com/showTask?id=3204075617,Work,,personal-website,00:25:00,0.42
2019-05-19 19:15:12,,,3204075617,,,https://todoist.com/showTask?id=3204075617,Work,,personal-website,00:25:00,0.42
2019-05-19 19:44:02,,,3204075617,,,https://todoist.com/showTask?id=3204075617,Work,,personal-website,00:25:00,0.42
2019-05-19 21:06:03,,,3204075617,,,https://todoist.com/showTask?id=3204075617,Work,,personal-website,00:25:00,0.42
2019-05-21 17:14:41,,,3210085644,,,https://todoist.com/showTask?id=3210085644,Work,,personal-website graphics,00:25:00,0.42
2019-05-21 18:44:18,,,3204075617,,,https://todoist.com/showTask?id=3204075617,Work,,personal-website,00:25:00,0.42
2019-05-21 19:19:28,,,3204075617,,,https://todoist.com/showTask?id=3204075617,Work,,personal-website,00:25:00,0.42
2019-05-21 19:55:28,,,3204075617,,,https://todoist.com/showTask?id=3204075617,Work,,personal-website,00:25:00,0.42
2019-05-22 11:48:46,,,3204075617,,,https://todoist.com/showTask?id=3204075617,Work,,personal-website,00:25:00,0.42
2019-05-22 12:18:52,,,3204075617,,,https://todoist.com/showTask?id=3204075617,Work,,personal-website,00:25:00,0.42
2019-05-22 17:55:40,,,3211988790,,,https://todoist.com/showTask?id=3211988790,Work,,personal-website-graphics,00:25:00,0.42
2019-05-22 18:31:49,,,3212019647,,,https://todoist.com/showTask?id=3212019647,Work,,personal-website-graphics,00:25:00,0.42
2019-05-22 19:18:51,,,3212019647,,,https://todoist.com/showTask?id=3212019647,Work,,personal-website-graphics,00:25:00,0.42
2019-05-22 20:55:38,,,3212019647,,,https://todoist.com/showTask?id=3212019647,Work,,personal-website-graphics,00:25:00,0.42
2019-05-22 21:49:29,,,3212019647,,,https://todoist.com/showTask?id=3212019647,Work,,personal-website-graphics,00:25:00,0.42
2019-05-23 18:28:13,,,3212019647,,,https://todoist.com/showTask?id=3212019647,Work,,personal-website-graphics,00:25:00,0.42
2019-05-23 19:15:52,,,3212019647,,,https://todoist.com/showTask?id=3212019647,Work,,personal-website-graphics,00:25:00,0.42
2019-05-23 19:56:03,,,3212019647,,,https://todoist.com/showTask?id=3212019647,Work,,personal-website-graphics,00:25:00,0.42
2019-05-23 20:21:06,,,3212019647,,,https://todoist.com/showTask?id=3212019647,Work,,personal-website-graphics,00:25:00,0.42
2019-05-24 01:12:07,,,3212019647,,,https://todoist.com/showTask?id=3212019647,Work,,personal-website-graphics,00:25:00,0.42
2019-05-24 01:51:58,,,3212019647,,,https://todoist.com/showTask?id=3212019647,Work,,personal-website-graphics,00:25:00,0.42
2019-05-24 02:17:15,,,3212019647,,,https://todoist.com/showTask?id=3212019647,Work,,personal-website-graphics,00:25:00,0.42
2019-05-24 10:59:38,,,3212019647,,,https://todoist.com/showTask?id=3212019647,Work,,personal-website-graphics,00:25:00,0.42
2019-05-24 12:09:45,,,3212019647,,,https://todoist.com/showTask?id=3212019647,Work,,personal-website-graphics,00:25:00,0.42
2019-05-24 12:40:51,,,3212019647,,,https://todoist.com/showTask?id=3212019647,Work,,personal-website-graphics,00:25:00,0.42
2019-05-24 13:17:50,,,3212019647,,,https://todoist.com/showTask?id=3212019647,Work,,personal-website-graphics,00:25:00,0.42
2019-05-24 14:06:55,,,3212019647,,,https://todoist.com/showTask?id=3212019647,Work,,personal-website-graphics,00:25:00,0.42
2019-05-24 17:29:45,,,3212019647,,,https://todoist.com/showTask?id=3212019647,Work,,personal-website-graphics,00:25:00,0.42
2019-05-24 17:56:55,,,3212019647,,,https://todoist.com/showTask?id=3212019647,Work,,personal-website-graphics,00:25:00,0.42
2019-05-24 18:22:18,,,3212019647,,,https://todoist.com/showTask?id=3212019647,Work,,personal-website-graphics,00:25:00,0.42
2019-05-24 18:55:31,,,3212019647,,,https://todoist.com/showTask?id=3212019647,Work,,personal-website-graphics,00:25:00,0.42
2019-05-25 18:33:00,,,3212019647,,,https://todoist.com/showTask?id=3212019647,Work,,personal-website-graphics,00:25:00,0.42
2019-05-25 22:48:42,,,3212019647,,,https://todoist.com/showTask?id=3212019647,Work,,personal-website-graphics,00:25:00,0.42
2019-05-25 23:18:45,,,3212019647,,,https://todoist.com/showTask?id=3212019647,Work,,personal-website-graphics,00:25:00,0.42
2019-05-26 10:57:22,,,3212019647,,,https://todoist.com/showTask?id=3212019647,Work,,personal-website-graphics,00:25:00,0.42
2019-05-26 11:27:26,,,3212019647,,,https://todoist.com/showTask?id=3212019647,Work,,personal-website-graphics,00:25:00,0.42
2019-05-26 12:27:10,,,3204075617,,,https://todoist.com/showTask?id=3204075617,Work,,personal-website,00:25:00,0.42
2019-05-27 08:37:07,,,3218342987,,,https://todoist.com/showTask?id=3218342987,Personal,,guitar,00:25:00,0.42
2019-05-27 09:05:01,,,3218342987,,,https://todoist.com/showTask?id=3218342987,Personal,,guitar,00:25:00,0.42
2019-05-27 11:45:34,,,3204075617,,,https://todoist.com/showTask?id=3204075617,Work,,personal-website,00:25:00,0.42
2019-05-27 12:24:05,,,3204075617,,,https://todoist.com/showTask?id=3204075617,Work,,personal-website,00:25:00,0.42
2019-05-27 19:28:55,,,3204075617,,,https://todoist.com/showTask?id=3204075617,Work,,personal-website,00:25:00,0.42
2019-05-27 19:58:49,,,3204075617,,,https://todoist.com/showTask?id=3204075617,Work,,personal-website,00:25:00,0.42
2019-05-28 08:12:51,,,3218342987,,,https://todoist.com/showTask?id=3218342987,Personal,,guitar,00:25:00,0.42
2019-05-28 08:42:13,,,3218342987,,,https://todoist.com/showTask?id=3218342987,Personal,,guitar,00:25:00,0.42
2018-05-29 16:14:39,,,2671162883,,,https://todoist.com/showTask?id=2671162883,gre,,gre vocab,00:25:00,
2018-05-29 16:51:48,,,2671162883,,,https://todoist.com/showTask?id=2671162883,gre,,gre vocab,00:14:55,
2018-05-29 17:12:22,,,2671257283,,,https://todoist.com/showTask?id=2671257283,Media list,,slay the spire,00:25:00,
2018-05-29 17:42:39,,,2671257283,,,https://todoist.com/showTask?id=2671257283,Media list,,slay the spire,00:25:00,
2018-05-29 18:13:14,,,2671257283,,,https://todoist.com/showTask?id=2671257283,Media list,,slay the spire,00:00:15,
2018-05-29 18:13:29,,,2671160349,,,https://todoist.com/showTask?id=2671160349,gre,,gre practice am,00:24:45,
2018-05-29 18:43:27,,,2671160349,,,https://todoist.com/showTask?id=2671160349,gre,,gre practice am,00:25:00,
2018-05-29 19:25:25,,,2671160349,,,https://todoist.com/showTask?id=2671160349,gre,,gre practice am,00:25:00,
2018-05-30 11:19:25,,,2671160349,,,https://todoist.com/showTask?id=2671160349,gre,,gre practice am,00:25:00,
2018-05-30 11:56:42,,,2671160349,,,https://todoist.com/showTask?id=2671160349,gre,,gre practice am,00:25:00,
2018-05-30 12:51:50,,,2671163173,,,https://todoist.com/showTask?id=2671163173,Errands,,cook,00:25:00,
2018-05-30 13:44:52,,,2671171460,,,https://todoist.com/showTask?id=2671171460,Media list,,arrested development new season,00:25:00,
2018-05-30 14:59:48,,,2671188774,,,https://todoist.com/showTask?id=2671188774,Work,,find coursera courses,00:15:00,
2018-05-30 15:32:10,,,2672708307,,,https://todoist.com/showTask?id=2672708307,Work,,fix sbt and finish setup,00:25:00,
2018-05-30 16:07:55,,,2672708307,,,https://todoist.com/showTask?id=2672708307,Work,,fix sbt and finish setup,00:25:00,
2018-05-30 16:37:58,,,2672708307,,,https://todoist.com/showTask?id=2672708307,Work,,fix sbt and finish setup,00:25:00,
2018-05-30 17:13:23,,,2672708307,,,https://todoist.com/showTask?id=2672708307,Work,,fix sbt and finish setup,00:25:00,
2018-05-30 17:51:17,,,2672277021,,,https://todoist.com/showTask?id=2672277021,gre,,gre vocab,00:25:00,
2018-05-30 19:27:29,,,2672708307,,,https://todoist.com/showTask?id=2672708307,Work,,fix sbt and finish setup,00:06:30,
2018-05-30 19:34:07,,,2672708636,,,https://todoist.com/showTask?id=2672708636,Work,,Finish reading,00:18:30,
2018-05-30 20:02:52,,,2672708636,,,https://todoist.com/showTask?id=2672708636,Work,,Finish reading,00:20:54,
2018-05-30 20:23:58,,,2672708584,,,https://todoist.com/showTask?id=2672708584,Work,,do the tutorial hw,00:04:06,
2018-05-30 21:04:23,,,2672708307,,,https://todoist.com/showTask?id=2672708307,Work,,fix sbt and finish setup,00:25:00,
2018-05-31 15:31:50,,,2672277021,,,https://todoist.com/showTask?id=2672277021,gre,,gre vocab,00:20:10,
2018-05-31 15:52:05,,,2673860992,,,https://todoist.com/showTask?id=2673860992,gre,,gre study,00:04:50,
2018-05-31 15:57:13,,,2673860992,,,https://todoist.com/showTask?id=2673860992,gre,,gre study,00:25:00,
2018-05-31 16:27:31,,,2673860992,,,https://todoist.com/showTask?id=2673860992,gre,,gre study,00:25:00,
2018-05-31 17:18:41,,,2673860992,,,https://todoist.com/showTask?id=2673860992,gre,,gre study,00:22:26,
2018-05-31 17:41:47,,,2673126495,,,https://todoist.com/showTask?id=2673126495,Work,,do the unfinished lecture,00:02:34,
2018-06-01 11:15:12,,,2671165394,,,https://todoist.com/showTask?id=2671165394,Work,,careless errors review,00:01:22,
2018-06-01 11:16:50,,,2673127587,,,https://todoist.com/showTask?id=2673127587,Work,,mental math videos,00:23:38,
2018-06-01 11:53:01,,,2673127587,,,https://todoist.com/showTask?id=2673127587,Work,,mental math videos,00:25:00,
2018-06-01 12:18:32,,,2673127587,,,https://todoist.com/showTask?id=2673127587,Work,,mental math videos,00:25:00,
2018-06-01 12:59:08,,,2673860992,,,https://todoist.com/showTask?id=2673860992,gre,,gre study,00:25:00,
2018-06-01 13:41:06,,,2673860992,,,https://todoist.com/showTask?id=2673860992,gre,,gre study,00:25:00,
2018-06-01 15:44:45,,,2671167908,,,https://todoist.com/showTask?id=2671167908,Media list,,about time,00:25:00,
2018-06-01 17:01:42,,,2672277021,,,https://todoist.com/showTask?id=2672277021,gre,,gre vocab,00:25:00,
2018-06-01 19:39:40,,,2673126254,,,https://todoist.com/showTask?id=2673126254,Work,,review machine learning:,00:25:00,
2018-06-01 20:21:48,,,2673126254,,,https://todoist.com/showTask?id=2673126254,Work,,review machine learning:,00:25:00,
2018-06-01 20:47:35,,,2671167908,,,https://todoist.com/showTask?id=2671167908,Media list,,about time,00:25:00,
2018-06-01 21:22:41,,,2671167908,,,https://todoist.com/showTask?id=2671167908,Media list,,about time,00:25:00,
2018-06-02 00:43:54,,,2671167908,,,https://todoist.com/showTask?id=2671167908,Media list,,about time,00:25:00,
2018-06-02 20:24:47,,,2672584413,,,https://todoist.com/showTask?id=2672584413,Errands,,cook,00:25:00,
2018-06-02 21:06:32,,,2672584413,,,https://todoist.com/showTask?id=2672584413,Errands,,cook,00:00:05,
2018-06-02 21:06:39,,,2672584413,,,https://todoist.com/showTask?id=2672584413,Errands,,cook,00:25:00,
2018-06-03 11:54:46,,,2672584413,,,https://todoist.com/showTask?id=2672584413,Errands,,cook,00:25:00,
2018-06-03 18:26:25,,,2671165394,,,https://todoist.com/showTask?id=2671165394,Work,,careless errors review:,00:02:35,
2018-06-03 18:29:12,,,2675384554,,,https://todoist.com/showTask?id=2675384554,Work,,mental math practice,00:11:26,
2018-06-03 18:41:01,,,2671165394,,,https://todoist.com/showTask?id=2671165394,Work,,careless errors review:,00:10:59,
2018-06-03 19:02:03,,,2671165394,,,https://todoist.com/showTask?id=2671165394,Work,,careless errors review:,00:25:00,
2018-06-03 19:37:32,,,2672277021,,,https://todoist.com/showTask?id=2672277021,gre,,gre vocab,00:18:16,
2018-06-03 19:55:51,,,2673860992,,,https://todoist.com/showTask?id=2673860992,gre,,gre study,00:06:44,
2018-06-03 20:25:20,,,2673860992,,,https://todoist.com/showTask?id=2673860992,gre,,gre study,00:25:00,
2018-06-04 17:47:00,,,2678862721,,,https://todoist.com/showTask?id=2678862721,Media list,,slay the spire,00:25:00,
2018-06-04 19:19:02,,,2672277021,,,https://todoist.com/showTask?id=2672277021,gre,,gre vocab,00:24:58,
2018-06-04 20:29:21,,,2672708028,,,https://todoist.com/showTask?id=2672708028,Work,,scala class:,00:25:00,
2018-06-04 20:54:25,,,2672708028,,,https://todoist.com/showTask?id=2672708028,Work,,scala class:,00:25:00,
2018-06-05 10:05:35,,,2675384554,,,https://todoist.com/showTask?id=2675384554,Work,,mental math practice,00:25:00,
2018-06-05 10:41:01,,,2673860992,,,https://todoist.com/showTask?id=2673860992,gre,,gre study,00:25:00,
2018-06-05 11:34:25,,,2673860992,,,https://todoist.com/showTask?id=2673860992,gre,,gre study,00:25:00,
2018-06-05 12:19:37,,,2673860992,,,https://todoist.com/showTask?id=2673860992,gre,,gre study,00:17:34,
2018-06-05 12:37:43,,,2672708028,,,https://todoist.com/showTask?id=2672708028,Work,,scala class:,00:07:26,
2018-06-05 17:54:19,,,2672708028,,,https://todoist.com/showTask?id=2672708028,Work,,scala class:,00:25:00,
2018-06-05 18:19:25,,,2672708028,,,https://todoist.com/showTask?id=2672708028,Work,,scala class:,00:25:00,
2018-06-05 14:55:39,,,2672708028,,,https://todoist.com/showTask?id=2672708028,Work,,scala class:,00:25:00,
2018-06-05 15:25:21,,,2680715938,,,https://todoist.com/showTask?id=2680715938,Media list,,miss hummurabi,00:25:00,
2018-06-07 11:48:47,,,2672584413,,,https://todoist.com/showTask?id=2672584413,Errands,,cook,00:25:00,
2018-06-07 12:35:13,,,2672584413,,,https://todoist.com/showTask?id=2672584413,Errands,,cook,00:25:00,
2018-06-07 14:27:44,,,2678862721,,,https://todoist.com/showTask?id=2678862721,Media list,,slay the spire,00:25:00,
2018-06-07 15:07:49,,,2678862721,,,https://todoist.com/showTask?id=2678862721,Media list,,slay the spire,00:25:00,
2018-06-07 18:02:15,,,2678862721,,,https://todoist.com/showTask?id=2678862721,Media list,,slay the spire,00:25:00,
2018-06-08 12:37:08,,,2675384554,,,https://todoist.com/showTask?id=2675384554,Work,,mental math practice,00:25:00,
2018-06-08 13:07:57,,,2673860992,,,https://todoist.com/showTask?id=2673860992,gre,,gre study,00:24:58,
2018-06-08 13:48:11,,,2673860992,,,https://todoist.com/showTask?id=2673860992,gre,,gre study,00:25:00,
2018-06-08 14:33:48,,,2673860992,,,https://todoist.com/showTask?id=2673860992,gre,,gre study,00:18:13,
2018-06-08 14:52:27,,,2672708028,,,https://todoist.com/showTask?id=2672708028,Work,,scala class:,00:06:47,
2018-06-08 15:51:28,,,2672277021,,,https://todoist.com/showTask?id=2672277021,gre,,gre vocab,00:09:22,
2018-06-08 16:01:18,,,2673126495,,,https://todoist.com/showTask?id=2673126495,Work,,do the unfinished lecture,00:15:38,
2018-06-08 16:30:30,,,2673126254,,,https://todoist.com/showTask?id=2673126254,Work,,review machine learning:,00:25:00,
2018-06-08 17:20:47,,,2673126495,,,https://todoist.com/showTask?id=2673126495,Work,,do the unfinished lecture,00:24:55,
2018-06-08 18:07:46,,,2672584413,,,https://todoist.com/showTask?id=2672584413,Errands,,cook,00:25:00,
2018-06-08 18:38:09,,,2672584413,,,https://todoist.com/showTask?id=2672584413,Errands,,cook,00:05:21,
2018-06-08 18:43:43,,,2678862721,,,https://todoist.com/showTask?id=2678862721,Media list,,slay the spire,00:25:00,
2018-06-08 19:37:50,,,2672708028,,,https://todoist.com/showTask?id=2672708028,Work,,scala class:,00:25:00,
2018-06-08 20:29:44,,,2672708028,,,https://todoist.com/showTask?id=2672708028,Work,,scala class:,00:25:00,
2018-06-08 21:56:27,,,2685403213,,,https://todoist.com/showTask?id=2685403213,Work,,make pomodone automatic backup,00:25:00,
2018-06-09 01:51:23,,,2685403213,,,https://todoist.com/showTask?id=2685403213,Work,,make pomodone automatic backup,00:25:00,
2018-06-09 02:23:54,,,2685403213,,,https://todoist.com/showTask?id=2685403213,Work,,make pomodone automatic backup,00:25:00,
2018-06-09 16:53:22,,,2678862721,,,https://todoist.com/showTask?id=2678862721,Media list,,slay the spire,00:25:00,
2018-06-09 12:28:56,,,2673860992,,,https://todoist.com/showTask?id=2673860992,gre,,gre study,00:25:00,
2018-06-09 12:59:29,,,2673860992,,,https://todoist.com/showTask?id=2673860992,gre,,gre study,00:25:00,
2018-06-09 13:29:40,,,2673860992,,,https://todoist.com/showTask?id=2673860992,gre,,gre study,00:25:00,
2018-06-09 14:22:20,,,2672277021,,,https://todoist.com/showTask?id=2672277021,gre,,gre vocab,00:05:34,
2018-06-09 14:27:59,,,2675384554,,,https://todoist.com/showTask?id=2675384554,Work,,mental math practice,00:19:26,
2018-06-09 15:59:59,,,2686028544,,,https://todoist.com/showTask?id=2686028544,Media list,,feet of clay,00:25:00,
2018-06-09 17:10:38,,,2680715938,,,https://todoist.com/showTask?id=2680715938,Media list,,miss hummurabi,00:25:00,
2018-06-09 17:35:49,,,2680715938,,,https://todoist.com/showTask?id=2680715938,Media list,,miss hummurabi,00:25:00,
2018-06-09 18:40:48,,,2686096345,,,https://todoist.com/showTask?id=2686096345,Work,,lecture 4,00:25:00,
2018-06-09 19:20:11,,,2686096345,,,https://todoist.com/showTask?id=2686096345,Work,,lecture 4,00:25:00,
2018-06-09 19:53:53,,,2686096345,,,https://todoist.com/showTask?id=2686096345,Work,,lecture 4,00:25:00,
2018-06-09 20:38:56,,,2686096345,,,https://todoist.com/showTask?id=2686096345,Work,,lecture 4,00:00:26,
2018-06-09 20:39:53,,,2686140324,,,https://todoist.com/showTask?id=2686140324,Work,,lecture 5,00:25:00,
2018-06-09 21:12:13,,,2672584413,,,https://todoist.com/showTask?id=2672584413,Errands,,cook,00:25:00,
2018-06-09 23:16:59,,,2686190837,,,https://todoist.com/showTask?id=2686190837,Errands,,dishes,00:25:00,
2018-06-10 20:09:28,,,2671188854,,,https://todoist.com/showTask?id=2671188854,Work,,root phone,00:25:00,
2018-06-10 20:35:42,,,2671188854,,,https://todoist.com/showTask?id=2671188854,Work,,root phone,00:25:00,
2018-06-10 21:06:40,,,2671188854,,,https://todoist.com/showTask?id=2671188854,Work,,root phone,00:25:00,
2018-06-10 16:39:24,,,2671188854,,,https://todoist.com/showTask?id=2671188854,Work,,root phone,00:25:00,
2018-06-10 17:04:42,,,2671188854,,,https://todoist.com/showTask?id=2671188854,Work,,root phone,00:25:00,
2018-06-11 12:13:03,,,2673860992,,,https://todoist.com/showTask?id=2673860992,gre,,gre study,00:25:00,
2018-06-11 13:03:05,,,2673860992,,,https://todoist.com/showTask?id=2673860992,gre,,gre study,00:25:00,
2018-06-11 14:10:37,,,2673860992,,,https://todoist.com/showTask?id=2673860992,gre,,gre study,00:25:00,
2018-06-11 18:02:11,,,2675384554,,,https://todoist.com/showTask?id=2675384554,Work,,mental math practice,00:25:00,
2018-06-11 18:50:41,,,2688592876,,,https://todoist.com/showTask?id=2688592876,Work,,graph pomos script,00:25:00,
2018-06-11 19:19:44,,,2688592876,,,https://todoist.com/showTask?id=2688592876,Work,,graph pomos script,00:25:00,
2018-06-11 19:52:55,,,2688592876,,,https://todoist.com/showTask?id=2688592876,Work,,graph pomos script,00:25:00,
2018-06-11 20:23:05,,,2688592876,,,https://todoist.com/showTask?id=2688592876,Work,,graph pomos script,00:25:00,
2018-06-12 11:50:59,,,2673860992,,,https://todoist.com/showTask?id=2673860992,gre,,gre study,00:25:00,
2018-06-12 12:31:00,,,2673860992,,,https://todoist.com/showTask?id=2673860992,gre,,gre study,00:00:16,
2018-06-12 12:31:20,,,2672277021,,,https://todoist.com/showTask?id=2672277021,gre,,gre vocab,00:24:44,
2018-06-12 13:17:40,,,2672277021,,,https://todoist.com/showTask?id=2672277021,gre,,gre vocab,00:25:00,
2018-06-12 13:47:25,,,2672277021,,,https://todoist.com/showTask?id=2672277021,gre,,gre vocab,00:25:00,
2018-06-12 14:36:08,,,2672277021,,,https://todoist.com/showTask?id=2672277021,gre,,gre vocab,00:11:38,
2018-06-12 14:48:02,,,2675384554,,,https://todoist.com/showTask?id=2675384554,Work,,mental math practice,00:13:22,
2018-06-13 12:21:13,,,2673860992,,,https://todoist.com/showTask?id=2673860992,gre,,gre study,00:25:00,
2018-06-13 16:32:29,,,2672277021,,,https://todoist.com/showTask?id=2672277021,gre,,gre vocab,00:25:00,
2018-06-13 17:04:20,,,2691600306,,,https://todoist.com/showTask?id=2691600306,Work,,lecture 6,00:25:00,
2018-06-13 18:52:52,,,2691600306,,,https://todoist.com/showTask?id=2691600306,Work,,lecture 6,00:25:00,
2018-06-14 12:30:46,,,2673860992,,,https://todoist.com/showTask?id=2673860992,gre,,gre study,00:25:00,
2018-06-14 13:10:21,,,2673860992,,,https://todoist.com/showTask?id=2673860992,gre,,gre study,00:07:37,
2018-06-14 13:18:02,,,2672277021,,,https://todoist.com/showTask?id=2672277021,gre,,gre vocab,00:10:11,
2018-06-14 13:28:26,,,2691600306,,,https://todoist.com/showTask?id=2691600306,Work,,lecture 6,00:07:12,
2018-06-14 13:43:32,,,2691600306,,,https://todoist.com/showTask?id=2691600306,Work,,lecture 6,00:25:00,
2018-06-14 15:05:29,,,2691600306,,,https://todoist.com/showTask?id=2691600306,Work,,lecture 6,00:25:00,
2018-06-14 15:45:06,,,2686096121,,,https://todoist.com/showTask?id=2686096121,Work,,scala hw1,00:25:00,
2018-06-14 17:12:17,,,2686096121,,,https://todoist.com/showTask?id=2686096121,Work,,scala hw1,00:25:00,
2018-06-14 17:57:58,,,2686096121,,,https://todoist.com/showTask?id=2686096121,Work,,scala hw1,00:25:00,
2018-06-14 18:23:02,,,2686096121,,,https://todoist.com/showTask?id=2686096121,Work,,scala hw1,00:25:00,
2018-06-14 19:02:09,,,2686096121,,,https://todoist.com/showTask?id=2686096121,Work,,scala hw1,00:25:00,
2018-06-14 20:09:30,,,2686096121,,,https://todoist.com/showTask?id=2686096121,Work,,scala hw1,00:19:32,
2018-06-14 20:29:16,,,2688592876,,,https://todoist.com/showTask?id=2688592876,Work,,graph pomos script,00:05:28,
2018-06-14 20:34:52,,,2688592876,,,https://todoist.com/showTask?id=2688592876,Work,,graph pomos script,00:25:00,
2018-06-14 23:18:07,,,2688592876,,,https://todoist.com/showTask?id=2688592876,Work,,graph pomos script,00:25:00,
2018-06-14 23:59:31,,,2688592876,,,https://todoist.com/showTask?id=2688592876,Work,,graph pomos script,00:18:09,
2018-06-15 00:23:13,,,2693314247,,,https://todoist.com/showTask?id=2693314247,Media list,,lawless lawyer,00:25:00,
2018-06-15 00:48:21,,,2693314247,,,https://todoist.com/showTask?id=2693314247,Media list,,lawless lawyer,00:25:00,
2018-06-15 12:16:45,,,2672584413,,,https://todoist.com/showTask?id=2672584413,Errands,,cook,00:25:00,
2018-06-15 14:24:18,,,2672277021,,,https://todoist.com/showTask?id=2672277021,gre,,gre vocab,00:25:00,
2018-06-15 15:49:45,,,2694298091,,,https://todoist.com/showTask?id=2694298091,Work,,scala hw1 recheck,00:13:20,
2018-06-15 16:03:26,,,2673860992,,,https://todoist.com/showTask?id=2673860992,gre,,gre study,00:11:40,
2018-06-15 16:32:09,,,2694332918,,,https://todoist.com/showTask?id=2694332918,Work,,misc,00:25:00,
2018-06-15 16:57:21,,,2694332918,,,https://todoist.com/showTask?id=2694332918,Work,,misc,00:25:00,
2018-06-15 17:52:08,,,2694391237,,,https://todoist.com/showTask?id=2694391237,Work,,go back to android 7.1,00:25:00,
2018-06-15 19:10:13,,,2694430137,,,https://todoist.com/showTask?id=2694430137,Work,,lecture 7,00:25:00,
2018-06-15 19:56:30,,,2694430137,,,https://todoist.com/showTask?id=2694430137,Work,,lecture 7,00:25:00,
2018-06-15 20:42:04,,,2694430137,,,https://todoist.com/showTask?id=2694430137,Work,,lecture 7,00:25:00,
2018-06-15 21:07:56,,,2694430137,,,https://todoist.com/showTask?id=2694430137,Work,,lecture 7,00:25:00,
2018-06-15 21:45:22,,,2694430137,,,https://todoist.com/showTask?id=2694430137,Work,,lecture 7,00:19:26,
2018-06-15 22:05:09,,,2688592876,,,https://todoist.com/showTask?id=2688592876,Work,,graph pomos script,00:05:34,
2018-06-17 11:59:56,,,2695632332,,,https://todoist.com/showTask?id=2695632332,Errands,,cleaning,00:25:00,
2018-06-18 11:34:59,,,2673860992,,,https://todoist.com/showTask?id=2673860992,gre,,gre study,00:25:00,
2018-06-18 12:22:42,,,2672584413,,,https://todoist.com/showTask?id=2672584413,Errands,,cook,00:25:00,
2018-06-18 12:52:45,,,2672584413,,,https://todoist.com/showTask?id=2672584413,Errands,,cook,00:01:48,
2018-06-18 13:36:09,,,2672277021,,,https://todoist.com/showTask?id=2672277021,gre,,gre vocab,00:25:00,
2018-06-18 14:09:23,,,2672277021,,,https://todoist.com/showTask?id=2672277021,gre,,gre vocab,00:25:00,
2018-06-18 15:32:20,,,2694430137,,,https://todoist.com/showTask?id=2694430137,Work,,lecture 7,00:25:00,
2018-06-18 16:08:04,,,2694430137,,,https://todoist.com/showTask?id=2694430137,Work,,lecture 7,00:25:00,
2018-06-18 16:47:11,,,2694430137,,,https://todoist.com/showTask?id=2694430137,Work,,lecture 7,00:25:00,
2018-06-18 17:24:00,,,2694430137,,,https://todoist.com/showTask?id=2694430137,Work,,lecture 7,00:25:00,
2018-06-18 18:03:42,,,2694430137,,,https://todoist.com/showTask?id=2694430137,Work,,lecture 7,00:25:00,
2018-06-18 18:29:00,,,2694430137,,,https://todoist.com/showTask?id=2694430137,Work,,lecture 7,00:25:00,
2018-06-18 19:36:45,,,2694332722,,,https://todoist.com/showTask?id=2694332722,Work,,scala lec3,00:25:00,
2018-06-18 20:20:09,,,2694332722,,,https://todoist.com/showTask?id=2694332722,Work,,scala lec3,00:25:00,
2018-06-18 23:14:33,,,2694332722,,,https://todoist.com/showTask?id=2694332722,Work,,scala lec3,00:25:00,
2018-06-18 23:56:05,,,2694332722,,,https://todoist.com/showTask?id=2694332722,Work,,scala lec3,00:25:00,
2018-06-19 00:22:15,,,2694332722,,,https://todoist.com/showTask?id=2694332722,Work,,scala lec3,00:25:00,
2018-06-19 01:12:07,,,2671167908,,,https://todoist.com/showTask?id=2671167908,Media list,,about time,00:25:00,
2018-06-19 11:33:40,,,2673860992,,,https://todoist.com/showTask?id=2673860992,gre,,gre study,00:25:00,
2018-06-19 12:32:03,,,2672277021,,,https://todoist.com/showTask?id=2672277021,gre,,gre vocab,00:14:38,
2018-06-19 12:46:47,,,2673860992,,,https://todoist.com/showTask?id=2673860992,gre,,gre study,00:10:22,
2018-06-19 13:08:16,,,2673860992,,,https://todoist.com/showTask?id=2673860992,gre,,gre study,00:25:00,
2018-06-19 14:14:17,,,2698888912,,,https://todoist.com/showTask?id=2698888912,Work,,scala hw3,00:25:00,
2018-06-19 15:29:22,,,2698888912,,,https://todoist.com/showTask?id=2698888912,Work,,scala hw3,00:25:00,
2018-06-19 16:15:39,,,2698888912,,,https://todoist.com/showTask?id=2698888912,Work,,scala hw3,00:25:00,
2018-06-19 16:41:27,,,2698888912,,,https://todoist.com/showTask?id=2698888912,Work,,scala hw3,00:25:00,
2018-06-19 17:17:01,,,2698888912,,,https://todoist.com/showTask?id=2698888912,Work,,scala hw3,00:08:48,
2018-06-19 17:25:58,,,2694332918,,,https://todoist.com/showTask?id=2694332918,Work,,misc,00:16:12,
2018-06-19 20:17:17,,,2675384554,,,https://todoist.com/showTask?id=2675384554,Work,,mental math practice,00:25:00,
2018-06-19 20:53:43,,,2699230059,,,https://todoist.com/showTask?id=2699230059,Work,,lecture 8,00:25:00,
2018-06-19 21:26:28,,,2699230059,,,https://todoist.com/showTask?id=2699230059,Work,,lecture 8,00:25:00,
2018-06-19 22:40:12,,,2699230059,,,https://todoist.com/showTask?id=2699230059,Work,,lecture 8,00:25:00,
2018-06-19 23:05:21,,,2699230059,,,https://todoist.com/showTask?id=2699230059,Work,,lecture 8,00:25:00,
2018-06-20 11:51:49,,,2688592876,,,https://todoist.com/showTask?id=2688592876,Work,,graph pomos script,00:25:00,
2018-06-20 12:25:13,,,2688592876,,,https://todoist.com/showTask?id=2688592876,Work,,graph pomos script,00:25:00,
2018-06-20 12:57:10,,,2699230059,,,https://todoist.com/showTask?id=2699230059,Work,,lecture 8,00:25:00,
2018-06-20 13:29:04,,,2699230059,,,https://todoist.com/showTask?id=2699230059,Work,,lecture 8,00:25:00,
2018-06-20 14:45:41,,,2699230059,,,https://todoist.com/showTask?id=2699230059,Work,,lecture 8,00:25:00,
2018-06-20 15:16:30,,,2672277021,,,https://todoist.com/showTask?id=2672277021,gre,,gre vocab,00:25:00,
2018-06-20 18:38:21,,,2699230059,,,https://todoist.com/showTask?id=2699230059,Work,,lecture 8,00:25:00,
2018-06-20 19:12:06,,,2699230059,,,https://todoist.com/showTask?id=2699230059,Work,,lecture 8,00:25:00,
2018-06-20 19:46:57,,,2699230059,,,https://todoist.com/showTask?id=2699230059,Work,,lecture 8,00:25:00,
2018-06-21 12:47:14,,,2699230059,,,https://todoist.com/showTask?id=2699230059,Work,,lecture 8,00:25:00,
2018-06-21 13:22:35,,,2673860992,,,https://todoist.com/showTask?id=2673860992,gre,,gre study,00:25:00,
2018-06-21 14:25:13,,,2701877134,,,https://todoist.com/showTask?id=2701877134,Work,,lecture9,00:25:00,
2018-06-21 16:16:11,,,2701877134,,,https://todoist.com/showTask?id=2701877134,Work,,lecture9,00:25:00,
2018-06-21 16:51:42,,,2701877134,,,https://todoist.com/showTask?id=2701877134,Work,,lecture9,00:25:00,
2018-06-21 17:42:02,,,2701877134,,,https://todoist.com/showTask?id=2701877134,Work,,lecture9,00:25:00,
2018-06-21 18:07:06,,,2701877134,,,https://todoist.com/showTask?id=2701877134,Work,,lecture9,00:15:25,
2018-06-21 18:22:45,,,2675384554,,,https://todoist.com/showTask?id=2675384554,Work,,mental math practice,00:09:35,
2018-06-21 18:36:34,,,2672277021,,,https://todoist.com/showTask?id=2672277021,gre,,gre vocab,00:14:10,
2018-06-21 18:50:53,,,2673860992,,,https://todoist.com/showTask?id=2673860992,gre,,gre study,00:10:50,
2018-06-21 19:07:50,,,2673860992,,,https://todoist.com/showTask?id=2673860992,gre,,gre study,00:25:00,
2018-06-21 20:05:08,,,2702156373,,,https://todoist.com/showTask?id=2702156373,Class,,Monte Carlo Methods,00:25:00,
2018-06-21 21:09:04,,,2702156373,,,https://todoist.com/showTask?id=2702156373,Class,,Monte Carlo Methods,00:25:00,
2018-06-22 16:51:33,,,2672708028,,,https://todoist.com/showTask?id=2672708028,Class,,scala class: lecture 4,00:25:00,
2018-06-22 17:36:18,,,2672708028,,,https://todoist.com/showTask?id=2672708028,Class,,scala class: lecture 4,00:25:00,
2018-06-23 16:59:35,,,2701877134,,,https://todoist.com/showTask?id=2701877134,Class,,lecture9,00:25:00,
2018-06-23 17:32:59,,,2701877134,,,https://todoist.com/showTask?id=2701877134,Class,,lecture9,00:25:00,
2018-06-23 18:05:26,,,2701877134,,,https://todoist.com/showTask?id=2701877134,Class,,lecture9,00:25:00,
2018-06-24 09:02:22,,,2672277021,,,https://todoist.com/showTask?id=2672277021,gre,,gre vocab,00:08:30,
2018-06-24 09:16:33,,,2675384554,,,https://todoist.com/showTask?id=2675384554,Work,,mental math practice,00:16:30,
2018-06-24 11:47:01,,,2673860992,,,https://todoist.com/showTask?id=2673860992,gre,,gre study,00:25:00,
2018-06-24 12:25:29,,,2673860992,,,https://todoist.com/showTask?id=2673860992,gre,,gre study,00:25:00,
2018-06-24 13:06:32,,,2673860992,,,https://todoist.com/showTask?id=2673860992,gre,,gre study,00:25:00,
2018-06-24 16:02:46,,,2686096306,,,https://todoist.com/showTask?id=2686096306,Class,,machine learning: hw9,00:25:00,
2018-06-24 16:47:02,,,2686096306,,,https://todoist.com/showTask?id=2686096306,Class,,machine learning: hw9,00:25:00,
2018-06-24 17:52:39,,,2686096306,,,https://todoist.com/showTask?id=2686096306,Class,,machine learning: hw9,00:15:59,
2018-06-24 18:08:48,,,2694332918,,,https://todoist.com/showTask?id=2694332918,Work,,misc,00:09:01,
2018-06-24 18:26:29,,,2694332918,,,https://todoist.com/showTask?id=2694332918,Work,,misc,00:25:00,
2018-06-24 19:26:32,,,2694332918,,,https://todoist.com/showTask?id=2694332918,Work,,misc,00:02:05,
2018-06-24 19:29:24,,,2672708028,,,https://todoist.com/showTask?id=2672708028,Class,,scala class: lecture 4,00:22:55,
2018-06-26 13:27:32,,,2672277021,,,https://todoist.com/showTask?id=2672277021,gre,,gre vocab,00:25:00,
2018-06-26 14:05:34,,,2673860992,,,https://todoist.com/showTask?id=2673860992,gre,,gre study,00:25:00,
2018-06-26 17:19:11,,,2704959553,,,https://todoist.com/showTask?id=2704959553,Class,,machine learning: lecture 10,00:25:00,
2018-06-26 17:54:00,,,2704959553,,,https://todoist.com/showTask?id=2704959553,Class,,machine learning: lecture 10,00:25:00,
2018-06-26 22:29:54,,,2704959553,,,https://todoist.com/showTask?id=2704959553,Class,,machine learning: lecture 10,00:25:00,
2018-06-27 13:12:39,,,2704959553,,,https://todoist.com/showTask?id=2704959553,Class,,machine learning: lecture 10,00:25:00,
2018-06-27 13:43:25,,,2704959553,,,https://todoist.com/showTask?id=2704959553,Class,,machine learning: lecture 10,00:05:33,
2018-06-27 13:49:09,,,2709215117,,,https://todoist.com/showTask?id=2709215117,Class,,machine learning: lecture 11,00:19:27,
2018-06-27 14:25:39,,,2709215117,,,https://todoist.com/showTask?id=2709215117,Class,,machine learning: lecture 11,00:25:00,
2018-06-27 16:25:36,,,2709215117,,,https://todoist.com/showTask?id=2709215117,Class,,machine learning: lecture 11,00:10:22,
2018-06-27 19:38:02,,,2672584413,,,https://todoist.com/showTask?id=2672584413,Errands,,cook,00:25:00,
2018-06-27 20:03:03,,,2672584413,,,https://todoist.com/showTask?id=2672584413,Errands,,cook,00:25:00,
2018-06-28 14:26:55,,,2672277021,,,https://todoist.com/showTask?id=2672277021,gre,,gre vocab,00:08:13,
2018-06-28 14:35:12,,,2673860992,,,https://todoist.com/showTask?id=2673860992,gre,,gre study,00:16:47,
2018-06-28 15:04:12,,,2673860992,,,https://todoist.com/showTask?id=2673860992,gre,,gre study,00:25:00,
2018-06-28 18:01:45,,,2710860241,,,https://todoist.com/showTask?id=2710860241,Class,,R basics,00:25:00,
2018-06-28 18:53:13,,,2710860241,,,https://todoist.com/showTask?id=2710860241,Class,,R basics,00:25:00,
2018-06-28 19:37:01,,,2710860241,,,https://todoist.com/showTask?id=2710860241,Class,,R basics,00:25:00,
2018-06-28 20:17:32,,,2710860241,,,https://todoist.com/showTask?id=2710860241,Class,,R basics,00:25:00,
2018-06-28 20:59:58,,,2710860241,,,https://todoist.com/showTask?id=2710860241,Class,,R basics,00:25:00,
2018-06-29 13:30:46,,,2672584413,,,https://todoist.com/showTask?id=2672584413,Errands,,cook,00:25:00,
2018-06-29 13:57:18,,,2672584413,,,https://todoist.com/showTask?id=2672584413,Errands,,cook,00:25:00,
2018-06-30 12:18:09,,,2710860241,,,https://todoist.com/showTask?id=2710860241,Class,,R basics,00:25:00,
2018-06-30 12:45:00,,,2710860241,,,https://todoist.com/showTask?id=2710860241,Class,,R basics,00:25:00,
2018-06-30 13:38:02,,,2710860241,,,https://todoist.com/showTask?id=2710860241,Class,,R basics,00:25:00,
2018-06-30 14:16:12,,,2710860241,,,https://todoist.com/showTask?id=2710860241,Class,,R basics,00:25:00,
2018-07-01 17:17:10,,,2710860241,,,https://todoist.com/showTask?id=2710860241,Class,,R basics,00:17:32,
2018-07-01 17:36:50,,,2672277021,,,https://todoist.com/showTask?id=2672277021,gre,,gre vocab,00:07:28,
2018-07-01 17:46:14,,,2672277021,,,https://todoist.com/showTask?id=2672277021,gre,,gre vocab,00:09:22,
2018-07-01 17:55:42,,,2673860992,,,https://todoist.com/showTask?id=2673860992,gre,,gre study,00:15:38,
2018-07-01 18:34:15,,,2673860992,,,https://todoist.com/showTask?id=2673860992,gre,,gre study,00:25:00,
2018-07-01 19:08:26,,,2694332918,,,https://todoist.com/showTask?id=2694332918,Work,,misc,00:19:57,
2018-07-01 19:28:43,,,2675384554,,,https://todoist.com/showTask?id=2675384554,Work,,mental math practice,00:05:03,
2018-07-01 20:08:03,,,2675384554,,,https://todoist.com/showTask?id=2675384554,Work,,mental math practice,00:07:27,
2018-07-01 20:15:44,,,2694332918,,,https://todoist.com/showTask?id=2694332918,Work,,misc,00:17:33,
2018-07-01 20:36:36,,,2694332918,,,https://todoist.com/showTask?id=2694332918,Work,,misc,00:08:28,
2018-07-01 20:46:54,,,2713814704,,,https://todoist.com/showTask?id=2713814704,Class,,R K-means,00:16:32,
2018-07-01 21:08:29,,,2713814704,,,https://todoist.com/showTask?id=2713814704,Class,,R K-means,00:25:00,
2018-07-01 22:49:27,,,2713814704,,,https://todoist.com/showTask?id=2713814704,Class,,R K-means,00:25:00,
2018-07-02 13:00:43,,,2713939738,,,https://todoist.com/showTask?id=2713939738,Class,,Deep Learning: Lecture 1,00:25:00,
2018-07-03 10:54:07,,,2713939738,,,https://todoist.com/showTask?id=2713939738,Class,,Deep Learning: Lecture 1,00:25:00,
2018-07-03 11:24:25,,,2713939738,,,https://todoist.com/showTask?id=2713939738,Class,,Deep Learning: Lecture 1,00:25:00,
2018-07-03 12:05:17,,,2713939738,,,https://todoist.com/showTask?id=2713939738,Class,,Deep Learning: Lecture 1,00:25:00,
2018-07-03 12:47:27,,,2713939738,,,https://todoist.com/showTask?id=2713939738,Class,,Deep Learning: Lecture 1,00:25:00,
2018-07-03 13:38:55,,,2713939738,,,https://todoist.com/showTask?id=2713939738,Class,,Deep Learning: Lecture 1,00:25:00,
2018-07-03 16:20:59,,,2713939738,,,https://todoist.com/showTask?id=2713939738,Class,,Deep Learning: Lecture 1,00:25:00,
2018-07-03 17:21:22,,,2716926110,,,https://todoist.com/showTask?id=2716926110,Class,,NEAT: research,00:06:50,
2018-07-03 17:30:11,,,2716926110,,,https://todoist.com/showTask?id=2716926110,Class,,NEAT: research,00:25:00,
2018-07-03 18:13:01,,,2716926110,,,https://todoist.com/showTask?id=2716926110,Class,,NEAT: research,00:25:00,
2018-07-03 19:00:48,,,2694332918,,,https://todoist.com/showTask?id=2694332918,Work,,misc,00:25:00,
2018-07-03 20:56:58,,,2672584413,,,https://todoist.com/showTask?id=2672584413,Errands,,cook,00:25:00,
2018-07-04 13:29:19,,,2672584413,,,https://todoist.com/showTask?id=2672584413,Errands,,cook,00:25:00,
2018-07-04 13:56:14,,,2672584413,,,https://todoist.com/showTask?id=2672584413,Errands,,cook,00:25:00,
2018-07-04 14:51:21,,,2672584413,,,https://todoist.com/showTask?id=2672584413,Errands,,cook,00:25:00,
2018-07-04 18:58:00,,,2714981673,,,https://todoist.com/showTask?id=2714981673,Class,,kaggle : data cleaning,00:25:00,
2018-07-05 12:35:05,,,2672584413,,,https://todoist.com/showTask?id=2672584413,Errands,,cook,00:25:00,
2018-07-06 11:59:01,,,2672584413,,,https://todoist.com/showTask?id=2672584413,Errands,,cook,00:25:00,
2018-07-07 12:51:21,,,2672584413,,,https://todoist.com/showTask?id=2672584413,Errands,,cook,00:25:00,
2018-07-07 13:16:22,,,2672584413,,,https://todoist.com/showTask?id=2672584413,Errands,,cook,00:07:16,
2018-07-08 20:41:23,,,2672277021,,,https://todoist.com/showTask?id=2672277021,gre,,gre vocab,00:00:04,
2018-07-08 20:40:59,,,2672277021,,,https://todoist.com/showTask?id=2672277021,gre,,gre vocab,00:24:07,
2018-07-09 12:21:19,,,2672277021,,,https://todoist.com/showTask?id=2672277021,gre,,gre vocab,00:18:20,
2018-07-09 12:39:51,,,2713939738,,,https://todoist.com/showTask?id=2713939738,Class,,Deep Learning: Lecture 1,00:06:40,
2018-07-09 12:46:37,,,2713939738,,,https://todoist.com/showTask?id=2713939738,Class,,Deep Learning: Lecture 1,00:25:00,
2018-07-09 13:21:19,,,2694332918,,,https://todoist.com/showTask?id=2694332918,Work,,misc,00:15:37,
2018-07-09 13:38:55,,,2723807391,,,https://todoist.com/showTask?id=2723807391,Work,,Pomo Prediction: data cleaning,00:09:23,
2018-07-09 13:55:02,,,2723807391,,,https://todoist.com/showTask?id=2723807391,Work,,Pomo Prediction: data cleaning,00:25:00,
2018-07-09 16:30:48,,,2723807391,,,https://todoist.com/showTask?id=2723807391,Work,,Pomo Prediction: data cleaning,00:25:00,
2018-07-09 17:01:32,,,2723807391,,,https://todoist.com/showTask?id=2723807391,Work,,Pomo Prediction: data cleaning,00:25:00,
2018-07-09 17:33:45,,,2723807391,,,https://todoist.com/showTask?id=2723807391,Work,,Pomo Prediction: data cleaning,00:25:00,
2018-07-09 18:10:06,,,2723807391,,,https://todoist.com/showTask?id=2723807391,Work,,Pomo Prediction: data cleaning,00:25:00,
2018-07-09 19:00:16,,,2723807391,,,https://todoist.com/showTask?id=2723807391,Work,,Pomo Prediction: data cleaning,00:25:00,
2018-07-09 19:32:35,,,2723807391,,,https://todoist.com/showTask?id=2723807391,Work,,Pomo Prediction: data cleaning,00:25:00,
2018-07-09 20:02:36,,,2723807391,,,https://todoist.com/showTask?id=2723807391,Work,,Pomo Prediction: data cleaning,00:25:00,
2018-07-09 20:39:36,,,2723807391,,,https://todoist.com/showTask?id=2723807391,Work,,Pomo Prediction: data cleaning,00:25:00,
2018-07-09 22:26:50,,,2695632332,,,https://todoist.com/showTask?id=2695632332,Errands,,cleaning,00:13:56,
2018-07-09 22:40:49,,,2686190837,,,https://todoist.com/showTask?id=2686190837,Errands,,dishes,00:11:04,
2018-07-10 11:40:52,,,2725216627,,,https://todoist.com/showTask?id=2725216627,Class,,category theory: lecture 1,00:25:00,
2018-07-10 13:31:07,,,2725216627,,,https://todoist.com/showTask?id=2725216627,Class,,category theory: lecture 1,00:03:26,
2018-07-10 13:34:56,,,2723807391,,,https://todoist.com/showTask?id=2723807391,Work,,Pomo Prediction: data cleaning,00:21:34,
2018-07-10 13:56:39,,,2723807391,,,https://todoist.com/showTask?id=2723807391,Work,,Pomo Prediction: data cleaning,00:25:00,
2018-07-10 14:28:16,,,2723807391,,,https://todoist.com/showTask?id=2723807391,Work,,Pomo Prediction: data cleaning,00:25:00,
2018-07-10 15:51:41,,,2723807391,,,https://todoist.com/showTask?id=2723807391,Work,,Pomo Prediction: data cleaning,00:25:00,
2018-07-10 16:29:04,,,2723807391,,,https://todoist.com/showTask?id=2723807391,Work,,Pomo Prediction: data cleaning,00:25:00,
2018-07-10 17:58:54,,,2723807391,,,https://todoist.com/showTask?id=2723807391,Work,,Pomo Prediction: data cleaning,00:25:00,
2018-07-10 18:36:04,,,2723807391,,,https://todoist.com/showTask?id=2723807391,Work,,Pomo Prediction: data cleaning,00:25:00,
2018-07-11 01:13:06,,,2672277021,,,https://todoist.com/showTask?id=2672277021,gre,,gre vocab,00:12:17,
2018-07-11 12:42:54,,,2672584413,,,https://todoist.com/showTask?id=2672584413,Errands,,cook,00:25:00,
2018-07-11 14:48:39,,,2672584413,,,https://todoist.com/showTask?id=2672584413,Errands,,cook,00:16:10,
2018-07-11 15:52:30,,,2723807836,,,https://todoist.com/showTask?id=2723807836,Work,,Pomo Prediction: research,00:25:00,
2018-07-11 17:54:10,,,2723807836,,,https://todoist.com/showTask?id=2723807836,Work,,Pomo Prediction: research,00:25:00,
2018-07-11 18:24:13,,,2723807836,,,https://todoist.com/showTask?id=2723807836,Work,,Pomo Prediction: research,00:25:00,
2018-07-11 18:54:16,,,2723807836,,,https://todoist.com/showTask?id=2723807836,Work,,Pomo Prediction: research,00:25:00,
2018-07-11 20:16:35,,,2723807836,,,https://todoist.com/showTask?id=2723807836,Work,,Pomo Prediction: research,00:25:00,
2018-07-11 20:41:43,,,2723807836,,,https://todoist.com/showTask?id=2723807836,Work,,Pomo Prediction: research,00:25:00,
2018-07-11 21:12:54,,,2723807836,,,https://todoist.com/showTask?id=2723807836,Work,,Pomo Prediction: research,00:25:00,
2018-07-11 23:31:24,,,2723807836,,,https://todoist.com/showTask?id=2723807836,Work,,Pomo Prediction: research,00:05:30,
2018-07-11 23:44:42,,,2727299319,,,https://todoist.com/showTask?id=2727299319,Work,,PomoLog: merge logs,00:25:00,
2018-07-12 11:53:40,,,2723807836,,,https://todoist.com/showTask?id=2723807836,Work,,Pomo Prediction: research,00:25:00,
2018-07-12 12:24:05,,,2723807836,,,https://todoist.com/showTask?id=2723807836,Work,,Pomo Prediction: research,00:13:06,
2018-07-12 12:37:18,,,2727299319,,,https://todoist.com/showTask?id=2727299319,Work,,PomoLog: merge logs,00:11:54,
2018-07-12 12:57:39,,,2727299319,,,https://todoist.com/showTask?id=2727299319,Work,,PomoLog: merge logs,00:25:00,
2018-07-12 14:08:18,,,2672277021,,,https://todoist.com/showTask?id=2672277021,gre,,gre vocab,00:15:55,
2018-07-12 14:24:43,,,2671171903,,,https://todoist.com/showTask?id=2671171903,Media list,,silicon valley,00:09:05,
2018-07-13 11:13:18,,,2686190837,,,https://todoist.com/showTask?id=2686190837,Errands,,dishes,00:25:00,
2018-07-13 11:38:19,,,2686190837,,,https://todoist.com/showTask?id=2686190837,Errands,,dishes,00:14:49,
2018-07-13 13:24:56,,,2723807836,,,https://todoist.com/showTask?id=2723807836,Work,,Pomo Prediction: research,00:25:00,
2018-07-13 13:57:16,,,2723807836,,,https://todoist.com/showTask?id=2723807836,Work,,Pomo Prediction: research,00:25:00,
2018-07-13 14:27:22,,,2723807836,,,https://todoist.com/showTask?id=2723807836,Work,,Pomo Prediction: research,00:25:00,
2018-07-13 16:28:57,,,2723807836,,,https://todoist.com/showTask?id=2723807836,Work,,Pomo Prediction: research,00:25:00,
2018-07-13 18:37:07,,,2723807836,,,https://todoist.com/showTask?id=2723807836,Work,,Pomo Prediction: research,00:25:00,
2018-07-15 17:51:14,,,2723807836,,,https://todoist.com/showTask?id=2723807836,Work,,Pomo Prediction: research,00:14:33,
2018-07-15 18:06:43,,,2710665045,,,https://todoist.com/showTask?id=2710665045,Work,,kaggle: exploration,00:10:27,
2018-07-15 18:23:37,,,2710665045,,,https://todoist.com/showTask?id=2710665045,Work,,kaggle: exploration,00:25:00,
2018-07-15 18:53:40,,,2710665045,,,https://todoist.com/showTask?id=2710665045,Work,,kaggle: exploration,00:25:00,
2018-07-16 13:19:53,,,2710665045,,,https://todoist.com/showTask?id=2710665045,Work,,kaggle: exploration,00:25:00,
2018-07-16 13:54:04,,,2710665045,,,https://todoist.com/showTask?id=2710665045,Work,,kaggle: exploration,00:25:00,
2018-07-16 14:45:01,,,2713939738,,,https://todoist.com/showTask?id=2713939738,Class,,Deep Learning: Lecture 1,00:25:00,
2018-07-16 19:53:00,,,2713939738,,,https://todoist.com/showTask?id=2713939738,Class,,Deep Learning: Lecture 1,00:25:00,
2018-07-16 20:58:05,,,2672584413,,,https://todoist.com/showTask?id=2672584413,Errands,,cook,00:25:00,
2018-07-16 21:25:38,,,2672584413,,,https://todoist.com/showTask?id=2672584413,Errands,,cook,00:25:00,
2018-07-16 22:15:49,,,2672584413,,,https://todoist.com/showTask?id=2672584413,Errands,,cook,00:01:57,
2018-07-17 17:33:20,,,2734361769,,,https://todoist.com/showTask?id=2734361769,Personal,,flute,00:25:00,
2018-07-17 19:34:20,,,2713939738,,,https://todoist.com/showTask?id=2713939738,Class,,Deep Learning: Lecture 1,00:25:00,
2018-07-17 20:03:05,,,2713939738,,,https://todoist.com/showTask?id=2713939738,Class,,Deep Learning: Lecture 1,00:25:00,
2018-07-17 20:52:44,,,2713939738,,,https://todoist.com/showTask?id=2713939738,Class,,Deep Learning: Lecture 1,00:25:00,
2018-07-17 21:24:40,,,2713939738,,,https://todoist.com/showTask?id=2713939738,Class,,Deep Learning: Lecture 1,00:25:00,
2018-07-18 19:59:07,,,2734361769,,,https://todoist.com/showTask?id=2734361769,Personal,,flute,00:25:00,
2018-07-19 14:35:51,,,2737060185,,,https://todoist.com/showTask?id=2737060185,Class,,data analysis,00:25:00,
2018-07-19 15:18:33,,,2737060185,,,https://todoist.com/showTask?id=2737060185,Class,,data analysis,00:25:00,
2018-07-22 17:24:51,,,2740024840,,,https://todoist.com/showTask?id=2740024840,Work,,command line task research,00:25:00,
2018-07-22 18:01:39,,,2740024840,,,https://todoist.com/showTask?id=2740024840,Work,,command line task research,00:25:00,
2018-07-22 18:31:42,,,2740024840,,,https://todoist.com/showTask?id=2740024840,Work,,command line task research,00:25:00,
2018-07-22 19:03:53,,,2740024840,,,https://todoist.com/showTask?id=2740024840,Work,,command line task research,00:25:00,
2018-07-22 19:53:01,,,2740024840,,,https://todoist.com/showTask?id=2740024840,Work,,command line task research,00:25:00,
2018-07-22 20:29:34,,,2740024840,,,https://todoist.com/showTask?id=2740024840,Work,,command line task research,00:25:00,
2018-07-22 21:04:25,,,2740024840,,,https://todoist.com/showTask?id=2740024840,Work,,command line task research,00:25:00,
2018-07-22 21:49:32,,,2740024840,,,https://todoist.com/showTask?id=2740024840,Work,,command line task research,00:25:00,
2018-07-23 02:46:15,,,2740024840,,,https://todoist.com/showTask?id=2740024840,Work,,command line task research,00:25:00,
2018-07-23 15:02:47,,,2740024840,,,https://todoist.com/showTask?id=2740024840,Work,,command line task research,00:25:00,
2018-07-23 15:33:04,,,2740024840,,,https://todoist.com/showTask?id=2740024840,Work,,command line task research,00:25:00,
2018-07-23 18:30:46,,,2740024840,,,https://todoist.com/showTask?id=2740024840,Work,,command line task research,00:25:00,
2018-07-23 18:55:57,,,2740024840,,,https://todoist.com/showTask?id=2740024840,Work,,command line task research,00:25:00,
2018-07-23 20:14:50,,,2741778543,,,https://todoist.com/showTask?id=2741778543,Work,,commandline todo: pomodoro countdown,00:25:00,
2018-07-23 21:02:36,,,2741778543,,,https://todoist.com/showTask?id=2741778543,Work,,commandline todo: pomodoro countdown,00:25:00,
2018-07-23 23:48:11,,,2741778543,,,https://todoist.com/showTask?id=2741778543,Work,,commandline todo: pomodoro countdown,00:15:00,
2018-07-24 00:05:59,,,2741778543,,,https://todoist.com/showTask?id=2741778543,Work,,commandline todo: pomodoro countdown,00:25:00,
2018-07-24 01:38:45,,,2741778543,,,https://todoist.com/showTask?id=2741778543,Work,,commandline todo: pomodoro countdown,00:25:00,
2018-07-24 02:08:51,,,2741778543,,,https://todoist.com/showTask?id=2741778543,Work,,commandline todo: pomodoro countdown,00:25:00,
2018-07-24 12:44:32,,,2741778543,,,https://todoist.com/showTask?id=2741778543,Work,,commandline todo: pomodoro countdown,00:25:00,
2018-07-24 13:26:24,,,2741778543,,,https://todoist.com/showTask?id=2741778543,Work,,commandline todo: pomodoro countdown,00:25:00,
2018-07-24 13:57:17,,,2741778543,,,https://todoist.com/showTask?id=2741778543,Work,,commandline todo: pomodoro countdown,00:25:00,
2018-07-24 14:32:42,,,2741778543,,,https://todoist.com/showTask?id=2741778543,Work,,commandline todo: pomodoro countdown,00:25:00,
2018-07-24 17:07:02,,,2743199202,,,https://todoist.com/showTask?id=2743199202,Work,,cl todo: chrome app research,00:25:00,
2018-07-24 17:39:23,,,2743199202,,,https://todoist.com/showTask?id=2743199202,Work,,cl todo: chrome app research,00:25:00,
2018-07-24 18:12:07,,,2743199202,,,https://todoist.com/showTask?id=2743199202,Work,,cl todo: chrome app research,00:25:00,
2018-07-24 18:43:51,,,2743199202,,,https://todoist.com/showTask?id=2743199202,Work,,cl todo: chrome app research,00:25:00,
2018-07-24 20:11:39,,,2743199202,,,https://todoist.com/showTask?id=2743199202,Work,,cl todo: chrome app research,00:25:00,
2018-07-24 22:14:53,,,2743199202,,,https://todoist.com/showTask?id=2743199202,Work,,cl todo: chrome app research,00:25:00,
2018-07-24 23:14:07,,,2672584413,,,https://todoist.com/showTask?id=2672584413,Errands,,cook,00:25:00,
2018-07-25 00:24:35,,,2740334301,,,https://todoist.com/showTask?id=2740334301,Errands,,dishes,00:25:00,
2018-07-25 00:49:36,,,2740334301,,,https://todoist.com/showTask?id=2740334301,Errands,,dishes,00:00:09,
2019-05-28 12:45:37,,,3220646910,,,https://todoist.com/showTask?id=3220646910,Work,,pomodone-analysis,00:25:00,0.42
2019-05-28 13:16:03,,,3220646910,,,https://todoist.com/showTask?id=3220646910,Work,,pomodone-analysis,00:25:00,0.42
2019-05-28 13:43:43,,,3220646910,,,https://todoist.com/showTask?id=3220646910,Work,,pomodone-analysis,00:25:00,0.42
2019-05-28 15:01:25,,,3220646910,,,https://todoist.com/showTask?id=3220646910,Work,,pomodone-analysis,00:25:00,0.42
2019-05-29 08:30:24,,,3218342987,,,https://todoist.com/showTask?id=3218342987,Personal,,guitar,00:25:00,0.42
2019-05-29 09:10:32,,,3218342987,,,https://todoist.com/showTask?id=3218342987,Personal,,guitar,00:25:00,0.42
2019-05-29 20:16:07,,,3205772904,,,https://todoist.com/showTask?id=3205772904,Personal,,cook,00:25:00,0.42
2019-05-29 22:04:43,,,3218342987,,,https://todoist.com/showTask?id=3218342987,Personal,,guitar,00:25:00,0.42
2019-05-30 08:14:05,,,3218342987,,,https://todoist.com/showTask?id=3218342987,Personal,,guitar,00:25:00,0.42
2019-05-30 08:44:15,,,3218342987,,,https://todoist.com/showTask?id=3218342987,Personal,,guitar,00:25:00,0.42
2019-05-30 13:57:53,,,3220646910,,,https://todoist.com/showTask?id=3220646910,Work,,pomodone-analysis,00:25:00,0.42
2019-05-30 14:22:59,,,3220646910,,,https://todoist.com/showTask?id=3220646910,Work,,pomodone-analysis,00:25:00,0.42
2019-05-30 15:52:33,,,3220646910,,,https://todoist.com/showTask?id=3220646910,Work,,pomodone-analysis,00:25:00,0.42
2019-05-30 16:37:36,,,3220646910,,,https://todoist.com/showTask?id=3220646910,Work,,pomodone-analysis,00:25:00,0.42
2019-05-30 23:54:28,,,3224933357,,,https://todoist.com/showTask?id=3224933357,Work,,angular-study,00:25:00,0.42
2019-05-31 12:55:20,,,3218342987,,,https://todoist.com/showTask?id=3218342987,Personal,,guitar,00:25:00,0.42
2019-05-31 13:25:42,,,3224933357,,,https://todoist.com/showTask?id=3224933357,Work,,angular-study,00:25:00,0.42
2019-05-31 13:56:24,,,3224933357,,,https://todoist.com/showTask?id=3224933357,Work,,angular-study,00:25:00,0.42
2019-05-31 14:22:55,,,3224933357,,,https://todoist.com/showTask?id=3224933357,Work,,angular-study,00:25:00,0.42
2019-05-31 16:32:12,,,3224933357,,,https://todoist.com/showTask?id=3224933357,Work,,angular-study,00:25:00,0.42
2019-05-31 17:08:33,,,3224933357,,,https://todoist.com/showTask?id=3224933357,Work,,angular-study,00:25:00,0.42
2019-05-31 17:42:47,,,3224933357,,,https://todoist.com/showTask?id=3224933357,Work,,angular-study,00:25:00,0.42
2019-05-31 19:23:59,,,3218342987,,,https://todoist.com/showTask?id=3218342987,Personal,,guitar,00:25:00,0.42
2019-05-31 19:54:37,,,3218342987,,,https://todoist.com/showTask?id=3218342987,Personal,,guitar,00:25:00,0.42
2019-06-01 00:28:31,,,3220646910,,,https://todoist.com/showTask?id=3220646910,Work,,pomodone-analysis,00:02:44,0.03
2019-06-01 00:37:11,,,3220646910,,,https://todoist.com/showTask?id=3220646910,Work,,pomodone-analysis,00:25:00,0.42
2019-06-01 08:25:39,,,3218342987,,,https://todoist.com/showTask?id=3218342987,Personal,,guitar,00:25:00,0.42
2019-06-01 10:41:47,,,3218342987,,,https://todoist.com/showTask?id=3218342987,Personal,,guitar,00:25:00,0.42
2019-06-01 11:11:54,,,3218342987,,,https://todoist.com/showTask?id=3218342987,Personal,,guitar,00:16:37,0.27
2019-06-01 12:42:18,,,3220646910,,,https://todoist.com/showTask?id=3220646910,Work,,pomodone-analysis,00:25:00,0.42
2019-06-01 13:13:51,,,3220646910,,,https://todoist.com/showTask?id=3220646910,Work,,pomodone-analysis,00:25:00,0.42
2019-06-01 22:09:28,,,3218342987,,,https://todoist.com/showTask?id=3218342987,Personal,,guitar,00:25:00,0.42
2019-06-01 23:53:52,,,3224933357,,,https://todoist.com/showTask?id=3224933357,Work,,angular-study,00:25:00,0.42
2019-06-02 00:23:57,,,3224933357,,,https://todoist.com/showTask?id=3224933357,Work,,angular-study,00:24:40,0.4
2019-06-02 10:48:12,,,3218342987,,,https://todoist.com/showTask?id=3218342987,Personal,,guitar,00:25:00,0.42
2019-06-02 11:18:17,,,3218342987,,,https://todoist.com/showTask?id=3218342987,Personal,,guitar,00:25:00,0.42
2019-06-02 14:00:34,,,3218342987,,,https://todoist.com/showTask?id=3218342987,Personal,,guitar,00:00:15,0.0
2019-06-02 14:00:57,,,3224933357,,,https://todoist.com/showTask?id=3224933357,Work,,angular-study,00:24:45,0.4
2019-06-02 21:35:09,,,3228471499,,,https://todoist.com/showTask?id=3228471499,Work,,pomodone-analysis-website,00:25:00,0.42
2019-06-03 09:31:37,,,3218342987,,,https://todoist.com/showTask?id=3218342987,Personal,,guitar,00:25:00,0.42
2019-06-03 10:21:13,,,3218342987,,,https://todoist.com/showTask?id=3218342987,Personal,,guitar,00:25:00,0.42
2019-06-03 15:49:34,,,3228471499,,,https://todoist.com/showTask?id=3228471499,Work,,pomodone-analysis-website,00:25:00,0.42
2019-06-03 20:49:15,,,3228471499,,,https://todoist.com/showTask?id=3228471499,Work,,pomodone-analysis-website,00:25:00,0.42
2019-06-03 23:19:25,,,3228471499,,,https://todoist.com/showTask?id=3228471499,Work,,pomodone-analysis-website,00:25:00,0.42
2019-06-04 08:41:04,,,3218342987,,,https://todoist.com/showTask?id=3218342987,Personal,,guitar,00:25:00,0.42
2019-06-04 10:46:22,,,3228471499,,,https://todoist.com/showTask?id=3228471499,Work,,pomodone-analysis-website,00:25:00,0.42
2019-06-04 11:15:42,,,3228471499,,,https://todoist.com/showTask?id=3228471499,Work,,pomodone-analysis-website,00:25:00,0.42
2019-06-04 11:43:11,,,3228471499,,,https://todoist.com/showTask?id=3228471499,Work,,pomodone-analysis-website,00:25:00,0.42
2019-06-04 12:12:02,,,3228471499,,,https://todoist.com/showTask?id=3228471499,Work,,pomodone-analysis-website,00:25:00,0.42
2019-06-04 14:24:57,,,3232086792,,,https://todoist.com/showTask?id=3232086792,Work,,logistics-website-mock,00:25:00,0.42
2019-06-04 16:03:48,,,3232086792,,,https://todoist.com/showTask?id=3232086792,Work,,logistics-website-mock,00:25:00,0.42
2019-06-04 16:48:51,,,3232086792,,,https://todoist.com/showTask?id=3232086792,Work,,logistics-website-mock,00:25:00,0.42
2019-06-04 17:18:56,,,3232086792,,,https://todoist.com/showTask?id=3232086792,Work,,logistics-website-mock,00:25:00,0.42
2019-06-04 17:49:21,,,3232086792,,,https://todoist.com/showTask?id=3232086792,Work,,logistics-website-mock,00:25:00,0.42
2019-06-04 18:46:27,,,3232086792,,,https://todoist.com/showTask?id=3232086792,Work,,logistics-website-mock,00:25:00,0.42
2019-06-04 19:42:39,,,3218342987,,,https://todoist.com/showTask?id=3218342987,Personal,,guitar,00:25:00,0.42
2019-06-04 21:34:25,,,3218342987,,,https://todoist.com/showTask?id=3218342987,Personal,,guitar,00:25:00,0.42
2019-06-05 08:17:15,,,3218342987,,,https://todoist.com/showTask?id=3218342987,Personal,,guitar,00:25:00,0.42
2019-06-05 08:52:46,,,3218342987,,,https://todoist.com/showTask?id=3218342987,Personal,,guitar,00:25:00,0.42
2019-06-05 20:33:51,,,3232086792,,,https://todoist.com/showTask?id=3232086792,Work,,logistics-website-mock,00:25:00,0.42
2019-06-06 08:43:34,,,3218342987,,,https://todoist.com/showTask?id=3218342987,Personal,,guitar,00:25:00,0.42
2019-06-06 12:29:05,,,3232086792,,,https://todoist.com/showTask?id=3232086792,Work,,logistics-website-mock,00:25:00,0.42
2019-06-06 13:03:21,,,3232086792,,,https://todoist.com/showTask?id=3232086792,Work,,logistics-website-mock,00:25:00,0.42
2019-06-06 13:41:19,,,3232086792,,,https://todoist.com/showTask?id=3232086792,Work,,logistics-website-mock,00:25:00,0.42
2019-06-06 16:00:08,,,3232086792,,,https://todoist.com/showTask?id=3232086792,Work,,logistics-website-mock,00:25:00,0.42
2019-06-06 16:30:21,,,3232086792,,,https://todoist.com/showTask?id=3232086792,Work,,logistics-website-mock,00:25:00,0.42
2019-06-06 16:59:45,,,3232086792,,,https://todoist.com/showTask?id=3232086792,Work,,logistics-website-mock,00:25:00,0.42
2019-06-06 18:15:26,,,3232086792,,,https://todoist.com/showTask?id=3232086792,Work,,logistics-website-mock,00:25:00,0.42
2019-06-06 19:12:49,,,3232086792,,,https://todoist.com/showTask?id=3232086792,Work,,logistics-website-mock,00:25:00,0.42
2019-06-06 19:45:32,,,3232086792,,,https://todoist.com/showTask?id=3232086792,Work,,logistics-website-mock,00:25:00,0.42
2019-06-07 01:20:51,,,3232086792,,,https://todoist.com/showTask?id=3232086792,Work,,logistics-website-mock,00:25:00,0.42
2019-06-07 10:07:36,,,3232086792,,,https://todoist.com/showTask?id=3232086792,Work,,logistics-website-mock,00:25:00,0.42
2019-06-07 10:38:13,,,3232086792,,,https://todoist.com/showTask?id=3232086792,Work,,logistics-website-mock,00:25:00,0.42
2019-06-07 11:47:54,,,3232086792,,,https://todoist.com/showTask?id=3232086792,Work,,logistics-website-mock,00:25:00,0.42
2019-06-07 14:45:05,,,3232086792,,,https://todoist.com/showTask?id=3232086792,Work,,logistics-website-mock,00:25:00,0.42
2019-06-07 15:17:18,,,3232086792,,,https://todoist.com/showTask?id=3232086792,Work,,logistics-website-mock,00:25:00,0.42
2019-06-07 16:32:14,,,3218342987,,,https://todoist.com/showTask?id=3218342987,Personal,,guitar,00:25:00,0.42
2019-06-07 17:27:12,,,3218342987,,,https://todoist.com/showTask?id=3218342987,Personal,,guitar,00:25:00,0.42
2019-06-07 18:13:10,,,3218342987,,,https://todoist.com/showTask?id=3218342987,Personal,,guitar,00:25:00,0.42
2019-06-07 18:48:26,,,3232086792,,,https://todoist.com/showTask?id=3232086792,Work,,logistics-website-mock,00:25:00,0.42
2019-06-07 19:44:59,,,3232086792,,,https://todoist.com/showTask?id=3232086792,Work,,logistics-website-mock,00:25:00,0.42
2019-06-07 22:02:12,,,3237774294,,,https://todoist.com/showTask?id=3237774294,Personal,,cook,00:25:00,0.42
2019-06-07 22:29:56,,,3237774294,,,https://todoist.com/showTask?id=3237774294,Personal,,cook,00:12:56,0.2
2019-06-07 20:35:22,,,3232086792,,,https://todoist.com/showTask?id=3232086792,Work,,logistics-website-mock,00:25:00,0.42
2019-06-08 08:07:00,,,3232086792,,,https://todoist.com/showTask?id=3232086792,Work,,logistics-website-mock,00:25:00,0.42
2019-06-08 08:43:04,,,3232086792,,,https://todoist.com/showTask?id=3232086792,Work,,logistics-website-mock,00:25:00,0.42
2019-06-08 12:05:40,,,3232086792,,,https://todoist.com/showTask?id=3232086792,Work,,logistics-website-mock,00:25:00,0.42
2019-06-08 12:35:42,,,3232086792,,,https://todoist.com/showTask?id=3232086792,Work,,logistics-website-mock,00:25:00,0.42
2019-06-08 13:03:38,,,3232086792,,,https://todoist.com/showTask?id=3232086792,Work,,logistics-website-mock,00:25:00,0.42
2019-06-08 21:37:56,,,3218342987,,,https://todoist.com/showTask?id=3218342987,Personal,,guitar,00:25:00,0.42
2019-06-08 22:22:24,,,3218342987,,,https://todoist.com/showTask?id=3218342987,Personal,,guitar,00:25:00,0.42
2019-06-09 00:22:34,,,3232086792,,,https://todoist.com/showTask?id=3232086792,Work,,logistics-website-mock,00:25:00,0.42
2019-06-09 08:59:56,,,3218342987,,,https://todoist.com/showTask?id=3218342987,Personal,,guitar,00:25:00,0.42
2019-06-10 09:28:33,,,3218342987,,,https://todoist.com/showTask?id=3218342987,Personal,,guitar,00:25:00,0.42
2019-06-10 09:58:38,,,3218342987,,,https://todoist.com/showTask?id=3218342987,Personal,,guitar,00:25:00,0.42
2019-06-11 09:37:25,,,3218342987,,,https://todoist.com/showTask?id=3218342987,Personal,,guitar,00:25:00,0.42
2019-06-11 10:05:05,,,3218342987,,,https://todoist.com/showTask?id=3218342987,Personal,,guitar,00:25:00,0.42
2019-06-12 09:22:52,,,3218342987,,,https://todoist.com/showTask?id=3218342987,Personal,,guitar,00:25:00,0.42
2019-06-12 10:23:03,,,3218342987,,,https://todoist.com/showTask?id=3218342987,Personal,,guitar,00:25:00,0.42
2019-06-12 16:57:33,,,3204075617,,,https://todoist.com/showTask?id=3204075617,Work,,personal-website,00:25:00,0.42
2019-06-12 17:24:23,,,3204075617,,,https://todoist.com/showTask?id=3204075617,Work,,personal-website,00:25:00,0.42
2019-06-12 17:54:33,,,3204075617,,,https://todoist.com/showTask?id=3204075617,Work,,personal-website,00:25:00,0.42
2019-06-12 18:31:55,,,3204075617,,,https://todoist.com/showTask?id=3204075617,Work,,personal-website,00:25:00,0.42
2019-06-12 19:02:36,,,3204075617,,,https://todoist.com/showTask?id=3204075617,Work,,personal-website,00:25:00,0.42
2019-06-13 09:25:29,,,3218342987,,,https://todoist.com/showTask?id=3218342987,Personal,,guitar,00:25:00,0.42
2019-06-13 10:05:47,,,3218342987,,,https://todoist.com/showTask?id=3218342987,Personal,,guitar,00:25:00,0.42
2019-06-13 11:01:09,,,3218342987,,,https://todoist.com/showTask?id=3218342987,Personal,,guitar,00:25:00,0.42
2019-06-13 13:46:28,,,3204075617,,,https://todoist.com/showTask?id=3204075617,Work,,personal-website,00:25:00,0.42
2019-06-13 14:20:33,,,3204075617,,,https://todoist.com/showTask?id=3204075617,Work,,personal-website,00:25:00,0.42
2019-06-13 15:50:36,,,3204075617,,,https://todoist.com/showTask?id=3204075617,Work,,personal-website,00:25:00,0.42
2019-06-13 18:34:40,,,3204075617,,,https://todoist.com/showTask?id=3204075617,Work,,personal-website,00:25:00,0.42
2019-06-14 09:18:10,,,3204075617,,,https://todoist.com/showTask?id=3204075617,Work,,personal-website,00:01:24,0.02
2019-06-14 09:19:37,,,3218342987,,,https://todoist.com/showTask?id=3218342987,Personal,,guitar,00:23:36,0.38
2019-06-14 09:47:30,,,3218342987,,,https://todoist.com/showTask?id=3218342987,Personal,,guitar,00:25:00,0.42
2019-06-14 10:18:45,,,3218342987,,,https://todoist.com/showTask?id=3218342987,Personal,,guitar,00:25:00,0.42
2019-06-14 16:05:24,,,3248593959,,,https://todoist.com/showTask?id=3248593959,Work,,go lang tasks,00:25:00,0.42
2019-06-14 16:36:16,,,3248593959,,,https://todoist.com/showTask?id=3248593959,Work,,go lang tasks,00:25:00,0.42
2019-06-14 18:53:54,,,3248593959,,,https://todoist.com/showTask?id=3248593959,Work,,go lang tasks,00:25:00,0.42
2019-06-14 20:16:05,,,3248593959,,,https://todoist.com/showTask?id=3248593959,Work,,go lang tasks,00:25:00,0.42
2019-06-15 15:30:32,,,3248593959,,,https://todoist.com/showTask?id=3248593959,Work,,go lang tasks,00:25:00,0.42
2019-06-15 16:31:15,,,3248593959,,,https://todoist.com/showTask?id=3248593959,Work,,go lang tasks,00:25:00,0.42
2019-06-16 20:50:49,,,3218342987,,,https://todoist.com/showTask?id=3218342987,Personal,,guitar,00:25:00,0.42
2019-06-16 21:38:58,,,3218342987,,,https://todoist.com/showTask?id=3218342987,Personal,,guitar,00:25:00,0.42
2019-06-17 02:57:06,,,3232086792,,,https://todoist.com/showTask?id=3232086792,Work,,logistics-website-mock,00:25:00,0.42
2019-06-17 03:47:46,,,3232086792,,,https://todoist.com/showTask?id=3232086792,Work,,logistics-website-mock,00:25:00,0.42
2019-06-17 04:18:43,,,3232086792,,,https://todoist.com/showTask?id=3232086792,Work,,logistics-website-mock,00:25:00,0.42
2019-06-17 04:44:17,,,3232086792,,,https://todoist.com/showTask?id=3232086792,Work,,logistics-website-mock,00:25:00,0.42
2019-06-17 09:37:35,,,3232086792,,,https://todoist.com/showTask?id=3232086792,Work,,logistics-website-mock,00:25:00,0.42
2019-06-17 10:04:27,,,3232086792,,,https://todoist.com/showTask?id=3232086792,Work,,logistics-website-mock,00:25:00,0.42
2019-06-17 11:34:31,,,3232086792,,,https://todoist.com/showTask?id=3232086792,Work,,logistics-website-mock,00:25:00,0.42
2019-06-17 12:02:55,,,3232086792,,,https://todoist.com/showTask?id=3232086792,Work,,logistics-website-mock,00:25:00,0.42
2019-06-17 14:20:14,,,3232086792,,,https://todoist.com/showTask?id=3232086792,Work,,logistics-website-mock,00:25:00,0.42
2019-06-17 16:32:31,,,3232086792,,,https://todoist.com/showTask?id=3232086792,Work,,logistics-website-mock,00:25:00,0.42
2019-06-17 16:58:26,,,3218342987,,,https://todoist.com/showTask?id=3218342987,Personal,,guitar,00:25:00,0.42
2019-06-17 17:34:41,,,3218342987,,,https://todoist.com/showTask?id=3218342987,Personal,,guitar,00:25:00,0.42
2019-06-17 18:01:58,,,3218342987,,,https://todoist.com/showTask?id=3218342987,Personal,,guitar,00:25:00,0.42
2019-06-18 23:27:00,,,3218342987,,,https://todoist.com/showTask?id=3218342987,Personal,,guitar,00:25:00,0.42
2019-06-19 00:02:00,,,3218342987,,,https://todoist.com/showTask?id=3218342987,Personal,,guitar,00:25:00,0.42
2019-06-19 00:27:15,,,3218342987,,,https://todoist.com/showTask?id=3218342987,Personal,,guitar,00:25:00,0.42
2019-06-19 09:16:48,,,3218342987,,,https://todoist.com/showTask?id=3218342987,Personal,,guitar,00:25:00,0.42
2019-06-19 10:03:06,,,3218342987,,,https://todoist.com/showTask?id=3218342987,Personal,,guitar,00:25:00,0.42
2019-06-19 17:53:54,,,3256419925,,,https://todoist.com/showTask?id=3256419925,Work,,nba-daily-fantasy,00:25:00,0.42
2019-06-21 13:07:31,,,3259346284,,,https://todoist.com/showTask?id=3259346284,Work,,microservice setup,00:25:00,0.42
2019-06-21 13:37:34,,,3259346284,,,https://todoist.com/showTask?id=3259346284,Work,,microservice setup,00:25:00,0.42
2019-06-21 14:24:49,,,3259346284,,,https://todoist.com/showTask?id=3259346284,Work,,microservice setup,00:25:00,0.42
2019-06-23 13:59:18,,,3261349714,,,https://todoist.com/showTask?id=3261349714,Personal,,interview practice,00:25:00,0.42
2019-06-23 17:29:57,,,3261349714,,,https://todoist.com/showTask?id=3261349714,Personal,,interview practice,00:25:00,0.42
2019-06-23 18:01:22,,,3261349714,,,https://todoist.com/showTask?id=3261349714,Personal,,interview practice,00:25:00,0.42
2019-06-23 18:31:31,,,3261349714,,,https://todoist.com/showTask?id=3261349714,Personal,,interview practice,00:25:00,0.42
2019-06-23 19:17:26,,,3261349714,,,https://todoist.com/showTask?id=3261349714,Personal,,interview practice,00:25:00,0.42
2019-06-23 19:52:55,,,3261349714,,,https://todoist.com/showTask?id=3261349714,Personal,,interview practice,00:25:00,0.42
2019-06-23 20:37:43,,,3261349714,,,https://todoist.com/showTask?id=3261349714,Personal,,interview practice,00:25:00,0.42
2019-06-23 22:01:17,,,3261349714,,,https://todoist.com/showTask?id=3261349714,Personal,,interview practice,00:25:00,0.42
2019-06-24 12:52:00,,,3218342987,,,https://todoist.com/showTask?id=3218342987,Personal,,guitar,00:25:00,0.42
2019-06-24 16:03:53,,,3261349714,,,https://todoist.com/showTask?id=3261349714,Personal,,interview practice,00:25:00,0.42
2019-06-24 17:17:25,,,3261349714,,,https://todoist.com/showTask?id=3261349714,Personal,,interview practice,00:00:24,0.0
2019-06-24 17:18:06,,,3204075617,,,https://todoist.com/showTask?id=3204075617,Work,,personal-website,00:24:36,0.4
2019-06-24 20:49:53,,,3204075617,,,https://todoist.com/showTask?id=3204075617,Work,,personal-website,00:25:00,0.42
2019-06-24 21:25:30,,,3204075617,,,https://todoist.com/showTask?id=3204075617,Work,,personal-website,00:25:00,0.42
2019-06-24 21:52:57,,,3204075617,,,https://todoist.com/showTask?id=3204075617,Work,,personal-website,00:25:00,0.42
2019-06-24 22:47:53,,,3204075617,,,https://todoist.com/showTask?id=3204075617,Work,,personal-website,00:25:00,0.42
2019-06-25 01:18:35,,,3204075617,,,https://todoist.com/showTask?id=3204075617,Work,,personal-website,00:25:00,0.42
2019-06-25 12:02:35,,,3204075617,,,https://todoist.com/showTask?id=3204075617,Work,,personal-website,00:25:00,0.42
2019-06-25 12:53:02,,,3204075617,,,https://todoist.com/showTask?id=3204075617,Work,,personal-website,00:25:00,0.42
2019-06-25 13:25:56,,,3204075617,,,https://todoist.com/showTask?id=3204075617,Work,,personal-website,00:25:00,0.42
2019-06-25 15:22:56,,,3204075617,,,https://todoist.com/showTask?id=3204075617,Work,,personal-website,00:40:00,0.67
2019-06-25 16:20:26,,,3204075617,,,https://todoist.com/showTask?id=3204075617,Work,,personal-website,00:40:00,0.67
2019-06-25 17:45:04,,,3204075617,,,https://todoist.com/showTask?id=3204075617,Work,,personal-website,00:40:00,0.67
2019-06-25 18:54:14,,,3261349714,,,https://todoist.com/showTask?id=3261349714,Personal,,interview practice,00:25:00,0.42
2019-06-25 20:45:52,,,3261349714,,,https://todoist.com/showTask?id=3261349714,Personal,,interview practice,00:45:00,0.75
2019-06-26 13:21:50,,,3261349714,,,https://todoist.com/showTask?id=3261349714,Personal,,interview practice,00:45:00,0.75
2019-06-26 15:33:57,,,3261349714,,,https://todoist.com/showTask?id=3261349714,Personal,,interview practice,00:45:00,0.75
2019-06-26 17:13:21,,,3261349714,,,https://todoist.com/showTask?id=3261349714,Personal,,interview practice,00:45:00,0.75
2019-06-26 18:18:37,,,3261349714,,,https://todoist.com/showTask?id=3261349714,Personal,,interview practice,00:45:00,0.75
2019-06-26 20:02:19,,,3204075617,,,https://todoist.com/showTask?id=3204075617,Work,,personal-website,00:44:58,0.73
2019-06-26 23:28:25,,,3204075617,,,https://todoist.com/showTask?id=3204075617,Work,,personal-website,00:45:00,0.75
2019-06-27 00:49:27,,,3204075617,,,https://todoist.com/showTask?id=3204075617,Work,,personal-website,00:25:00,0.42
2019-06-27 18:45:39,,,3261349714,,,https://todoist.com/showTask?id=3261349714,Personal,,interview practice,00:45:00,0.75
2019-06-28 13:02:48,,,3218342987,,,https://todoist.com/showTask?id=3218342987,Personal,,guitar,00:25:00,0.42
2019-06-29 17:04:12,,,3224933357,,,https://todoist.com/showTask?id=3224933357,Work,,angular-study,00:36:38,0.6
